Product,Tier,Term,SKU,URL
Panda Email Protection,1-Oct,1 Year,NWG-WGEMA011,https://partner.leadersystems.com.au/products.html?C9LLfojDO9c=gbfka9UICyYqWxNbdhvKqw==nsZ0s6noFRytLl2p/PBMV5alSDI=
Panda Email Protection,1-Oct,3 Year,NWG-WGEMA013,https://partner.leadersystems.com.au/products.html?TI1ndeX2aY0=mpr+C7Uz4qumuAAgPL+29Q==h/1w3sG1q1oAi/GKUrMlelXvBLY=
Panda Email Protection,Nov-25,1 Year,NWG-WGEMA021,https://partner.leadersystems.com.au/products.html?Km+Ydtk1n/Q=9opSp+ISNND5xjnaIHoNdw==mjykHKSqaC1hKj2AnaTI/+jiH/s=
Panda Email Protection,Nov-25,3 Year,NWG-WGEMA023,https://partner.leadersystems.com.au/products.html?Sxc+hOGpLFY=yl5uma2JA8hGgZVQRH/4Aw==wEV1y6SbE4v12gHzB5Zx2sd5joo=
Panda Email Protection,26-50,1 Year,NWG-WGEMA031,https://partner.leadersystems.com.au/products.html?2o3NwnflOzY=PaNUz4wXn1b3gdNEriZ4zA==X8wWnd5LqXPCyh3sUrEL6PuL7N8=
Panda Email Protection,26-50,3 Year,NWG-WGEMA033,https://partner.leadersystems.com.au/products.html?veURCUC1SrQ=4b9vowPCn+A3bt/dolZmCQ==YzEDjW5LCDCH/SdcWdC+16YdoNg=
Panda Email Protection,51-100,1 Year,NWG-WGEMA041,https://partner.leadersystems.com.au/products.html?HjWbUQVFhuY=kflfHI3XhytfvEaUAScSYw==/iMFsc8O6R7+lQ52ZRnZNUevcvI=
Panda Email Protection,51-100,3 Year,NWG-WGEMA043,https://partner.leadersystems.com.au/products.html?m6ycxrBqDeE=CMec3zLuYLgZX5VBjR9DIg==dPH5st9WLxm+UNxZUM6OM6OtJos=
Panda Email Protection,101-250,1 Year,NWG-WGEMA051,https://partner.leadersystems.com.au/products.html?sQD+pXmBYfY=P8fBTYHPxm0lW3vsiBUKCw==lnF74Fv/CNGJKKcn1BWVu69vAaU=
Panda Email Protection,101-250,3 Year,NWG-WGEMA053,https://partner.leadersystems.com.au/products.html?iWWn8mm8DAU=yuUiOPd0tplBXCW4ZckwVw==moj0cJGn0RPK7O6iMwEL0u8FRhI=
Panda Email Protection,251-500,1 Year,NWG-WGEMA061,https://partner.leadersystems.com.au/products.html?stZw9khJ1js=mA4G/NIHZRpx9aIwJx+zJw==Ptj9Cak/vWSbV3CyqOmOeBMwlYw=
Panda Email Protection,251-500,3 Year,NWG-WGEMA063,https://partner.leadersystems.com.au/products.html?5gqjaAlZgP8=aaKNnTSj4oM1SF9bCehCJQ==6B5WSWVltntHxWk2tNVsDEJOQ2E=
Panda Email Protection,501-1000,1 Year,NWG-WGEMA071,https://partner.leadersystems.com.au/products.html?CWWypiVCF88=75FcNLWwTO22NwzWSqr2hQ==VsjNddVk39ophVLKusjqQTsvvVA=
Panda Email Protection,501-1000,3 Year,NWG-WGEMA073,https://partner.leadersystems.com.au/products.html?REI46siHHOw=y1dszI1zmyXGf74UQDvjCQ==fVEUQESCKsZE48JbllSpjtblbpg=
Panda Email Protection,1001-3000,1 Year,NWG-WGEMA081,https://partner.leadersystems.com.au/products.html?wIyLA+7fGuY=rxrz3dBxeLLG1A1f+evkmg==3Shi3/nYFiKRJA43KFni16Uqi6o=
Panda Email Protection,1001-3000,3 Year,NWG-WGEMA083,https://partner.leadersystems.com.au/products.html?BnTF7UlOAwo=92gJMZvOtvH0e+um6dQn2g==Ev8mRlLN88U8KWKKi6qoCZdHCWQ=
Panda Email Protection,3000+,1 Year,NWG-WGEMA091,https://partner.leadersystems.com.au/products.html?CYKRElsWXxA=dxgTyQ1vy8Ews07GjUp9bA==5vLjCInQI91bWHp+xE4emr2kukY=
Panda Email Protection,3000+,3 Year,NWG-WGEMA093,https://partner.leadersystems.com.au/products.html?7sbtPcqqtWY=YMR41iF0zQ0DPA5+tvF1Gw==k+pDFKElajxTWRsDU4n2p56ky2Q=
